匹配分,推荐等级,变化,赛道,公司,岗位,城市,部门,届别,招聘类型,发布时间,截止时间,首次发现,最后发现,投递链接,匹配理由
97,强匹配,今日新增,新能源 / 高端制造,示例新能源汽车企业,供应链管理培训生（2027届）,深圳 / 上海,供应链中心,2027,校园招聘,2026-09-18,2026-10-28,2026-09-18 12:29,2026-09-18 12:29,https://example.com/ev/job/scm-2027,岗位核心词：供应链；对应经历：Python/SQL数据分析与AI工具应用；对应经历：10余项招投标、预算复核与成本节约；对应经历：多方沟通和跨部门项目推进；相关能力词：数字化、成本、交付；符合2027届/校园招聘身份；意向城市：上海；可发挥数据与AI应用能力
94,强匹配,今日新增,AI / 互联网,示例互联网企业,AI产品经理培训生（2027届）,上海,智能产品,2027,校园招聘,2026-09-18,2026-10-31,2026-09-18 12:29,2026-09-18 12:29,https://example.com/internet/job/ai-pm-2027,岗位核心词：ai产品、产品经理；对应经历：独立完成需求梳理、PRD与可运行原型；对应经历：Python/SQL数据分析与AI工具应用；对应经历：多方沟通和跨部门项目推进；相关能力词：数据分析；符合2027届/校园招聘身份；意向城市：上海；可发挥数据与AI应用能力
94,强匹配,今日新增,AI / 互联网,示例互联网企业,海外用户增长运营（应届生）,深圳,国际化业务,2027,校园招聘,2026-09-17,2026-11-15,2026-09-18 12:29,2026-09-18 12:29,https://example.com/internet/job/growth-2027,岗位核心词：用户增长、增长运营；对应经历：海外C端投放与安装—注册—留存—付费漏斗；对应经历：Python/SQL数据分析与AI工具应用；对应经历：多方沟通和跨部门项目推进；相关能力词：数据分析；符合2027届/校园招聘身份；意向城市：深圳；可发挥数据与AI应用能力
88,强匹配,今日新增,零售 / 食品饮料,示例连锁消费企业,渠道策略管培生,杭州,渠道策略,2027,校园招聘,2026-09-18,2026-10-15,2026-09-18 12:29,2026-09-18 12:29,https://example.com/retail/job/channel-2027,岗位核心词：渠道策略、管培生；对应经历：海外C端投放与安装—注册—留存—付费漏斗；对应经历：7个项目一线检查与整改闭环；对应经历：多方沟通和跨部门项目推进；符合2027届/校园招聘身份；意向城市：杭州；包含一线轮岗/经营实践；需要协同推进能力
85,强匹配,今日新增,零售 / 食品饮料,示例连锁消费企业,供应链数字化培训生,上海,供应链,2027,校园招聘,2026-09-13,2026-11-10,2026-09-18 12:29,2026-09-18 12:29,https://example.com/retail/job/digital-scm-2027,岗位核心词：供应链；对应经历：Python/SQL数据分析与AI工具应用；对应经历：10余项招投标、预算复核与成本节约；对应经历：多方沟通和跨部门项目推进；相关能力词：数字化；符合2027届/校园招聘身份；意向城市：上海；可发挥数据与AI应用能力
84,强匹配,今日新增,零售 / 食品饮料,示例连锁消费企业,连锁运营管培生（未来领袖计划）,杭州 / 全国,营运中心,2027,校园招聘,2026-09-18,2026-10-15,2026-09-18 12:29,2026-09-18 12:29,https://example.com/retail/job/operations-2027,岗位核心词：连锁运营、管培生；对应经历：7个项目一线检查与整改闭环；对应经历：多方沟通和跨部门项目推进；符合2027届/校园招聘身份；意向城市：杭州；包含一线轮岗/经营实践；需要协同推进能力
77,推荐,今日新增,新能源 / 高端制造,示例新能源汽车企业,采购与成本运营专员,苏州,采购中心,2027,校园招聘,2026-09-15,2026-11-01,2026-09-18 12:29,2026-09-18 12:29,https://example.com/ev/job/procurement-2027,岗位核心词：采购；对应经历：10余项招投标、预算复核与成本节约；对应经历：多方沟通和跨部门项目推进；相关能力词：运营、成本；符合2027届/校园招聘身份；意向城市：苏州；需要协同推进能力
71,推荐,今日新增,新能源 / 高端制造,示例新能源汽车企业,销售运营管培生,杭州,销售服务,2027,校园招聘,2026-09-14,2026-10-31,2026-09-18 12:29,2026-09-18 12:29,https://example.com/ev/job/sales-ops-2027,对应经历：Python/SQL数据分析与AI工具应用；对应经历：多方沟通和跨部门项目推进；相关能力词：运营、流程、销售运营；符合2027届/校园招聘身份；意向城市：杭州；可发挥数据与AI应用能力；需要协同推进能力
61,可关注,今日新增,AI / 互联网,示例互联网企业,行业解决方案管培生,广州,企业业务,2027,校园招聘,2026-09-16,2026-10-20,2026-09-18 12:29,2026-09-18 12:29,https://example.com/internet/job/solution-2027,岗位核心词：解决方案；对应经历：多方沟通和跨部门项目推进；符合2027届/校园招聘身份；意向城市：广州；需要协同推进能力
